# Перечень исключений проверки guard-donor-literals.py (этап Э3 набора TRACK-GORDI-CORE, карточка #677).
#
# Что это: каждая строка файлов ядра вида code или shown, которая на commit 7e2d2b0 пакета НЕ в счёте Э3.
# Слово владельца 2026-10-04 23:52 UTC (чат COORD): вне счёта — строки происхождения, подставные данные
# приёмок, шаги схемы, инструменты вне ядра; слово владельца 2026-10-05 10:53 UTC (В1 б): в счёт входят
# печатаемые подсказки-команды, прочий печатаемый текст — вне счёта.
#
# Откуда: классы printed / provenance / fixture — из e3/core-classes.tsv; печатаемый текст (вид shown),
# которому класса там нет, — класс printed (33 строки, среди них 11 строк «кому сообщить»; их отбор —
# по e3-forks.md: 11 строк в 8 файлах).
#
# Колонки (разделитель — табуляция): file · name · kind · class · text · reason.
# КЛЮЧ исключения — (file, name, kind, text), НЕ номер строки: номера сдвигаются при правке соседних строк.
# text — строка файла без крайних пробелов (табуляция внутри строки записана пробелом). Правка текста
# строки делает её находкой; исключение, потерявшее строку, печатается как «исключение без попадания».
# Одна запись покрывает все строки файла с тем же именем, видом и текстом (76 записей на 82 попадания).
#
# 05.10 после переноса волны Б (PROTO, 2026-10-05 ~17:50 UTC): снято 9 записей, чьи строки переписаны
# волной (backlog.py, export-channels.py, guard-stub-expectations.py, guard-printed-forms.py,
# measure-tool-brevity.py); добавлено 36:
#   · export-channels.py — та же строка «кому сообщить» в новой редакции (класс printed, как прежде);
#   · set-rule.py, «coord» у locked_by — класс schema: это значение поля rules.locked_by
#     ('owner' | 'coord', DEFAULT 'coord' во всех версиях схемы), а не имя роли донора. Решение PROTO,
#     в счёте Э3 этих строк не было; владелец вправе переиграть;
#   · vnext/prototype/bite-rules-from-pack.py — подставные данные и подписи случаев приёмки после
#     правок r3 (писатель gordi-issue.py теперь ZZK стенда, раскладки Atlas/AIA/«названы двое»).
# Классы теперь: printed 41 · fixture 31 · provenance 2 · schema 2.
file	name	kind	class	text	reason
scripts/backlog.py	COORD	shown	printed	f"и о нём стоит сказать @COORD.", file=sys.stderr)	печатаемый текст «кому сообщить»: вне счёта, вариант «в» не выбран (e3-forks.md, слово владельца В1 б 2026-10-05 10:53 UTC)
scripts/check-errors.py	COORD	shown	printed	help="Пометить сообщения как resolved (COORD подтвердил фикс)")	печатаемый текст, не подсказка-команда: вне счёта по слову владельца В1 б (2026-10-05 10:53 UTC)
scripts/check-retired-mechanism.py	PROTO	code	provenance	"перекрыто_когда": "слово владельца 2026-09-25 11:02:36 UTC, чат PROTO",	строка происхождения: «слово владельца … чат PROTO»
scripts/dashboard.py	atlas	code	printed	<title>Мезосинк — состояние контура Atlas</title>	заголовок HTML «контур Atlas» — только печать
scripts/dashboard.py	atlas	code	printed	<h1>Состояние контура Atlas</h1>	заголовок HTML «контур Atlas» — только печать
scripts/export-channels.py	COORD	shown	printed	print(f"Дальше: COORD коммитит каталог {out_dir.name}/ в том репозитории, где он лежит; "	печатаемый текст «кому сообщить»: вне счёта, вариант «в» не выбран (e3-forks.md, слово владельца В1 б 2026-10-05 10:53 UTC)
scripts/export-rules.py	atlas	code	printed	HEADER = """# Sync RULES — протокол мезосинка Atlas (8 ролей)	шапка производного файла «мезосинка Atlas (8 ролей)»
scripts/export-rules.py	COORD	code	printed	> 🔒`owner` — правило владельца: COORD НЕ правит его без **живого слова владельца в текущем чате**	шапка производного файла: COORD в пояснении
scripts/gordi-issue.py	PROTO	shown	printed	print("   цикл: issue → карточка PROTO с тегом «gordi-issue #N» → починка → "	печатаемый текст, не подсказка-команда: вне счёта по слову владельца В1 б (2026-10-05 10:53 UTC)
scripts/guard-all.py	PROTO	shown	printed	+ "\n   — состояние врёт о прошлом, ПЛАН ПРИКАЗЫВАЕТ В БУДУЩЕЕ (@PROTO #3051):"	печатаемый текст, не подсказка-команда: вне счёта по слову владельца В1 б (2026-10-05 10:53 UTC)
scripts/guard-scripts-drift.py	PROTO	shown	printed	report_pair(VNEXT_RUNTIME, VNEXT_TEMPLATE, "vnext-tools", "образец", "@PROTO")	печатаемый текст «кому сообщить»: вне счёта, вариант «в» не выбран (e3-forks.md, слово владельца В1 б 2026-10-05 10:53 UTC)
scripts/guard-scripts-drift.py	PROTO	shown	printed	"(замер @PROTO: каталоги совпали файл в файл, а прогоны дали разное). "	печатаемый текст, не подсказка-команда: вне счёта по слову владельца В1 б (2026-10-05 10:53 UTC)
scripts/init-group.py	atlas	shown	printed	parser.add_argument("--name", required=True, help="Имя группы (например: atlas, webapp)")	печатаемый текст, не подсказка-команда: вне счёта по слову владельца В1 б (2026-10-05 10:53 UTC)
scripts/mezo_paths.py	COORD	shown	printed	"     📏 Замер @COORD 2026-09-05 (записка #4898): 176 инструментов из 243\n"	печатаемый текст, не подсказка-команда: вне счёта по слову владельца В1 б (2026-10-05 10:53 UTC)
scripts/read-messages.py	PROTO	shown	printed	f"   Отметка сдвинута, но след прохождения не сохранён — скажи @PROTO.",	печатаемый текст «кому сообщить»: вне счёта, вариант «в» не выбран (e3-forks.md, слово владельца В1 б 2026-10-05 10:53 UTC)
scripts/read-messages.py	COORD	shown	printed	f"читай по дате. Сообщи COORD.\n")	печатаемый текст «кому сообщить»: вне счёта, вариант «в» не выбран (e3-forks.md, слово владельца В1 б 2026-10-05 10:53 UTC)
scripts/read-phoenix.py	COORD	shown	printed	print(f"\n⛔ {TITLES[s]}\n   СЕКЦИИ НЕТ В БД. Это факт, а не пустяк: сообщи COORD.")	печатаемый текст «кому сообщить»: вне счёта, вариант «в» не выбран (e3-forks.md, слово владельца В1 б 2026-10-05 10:53 UTC)
scripts/read-phoenix.py	COORD	shown	printed	print(f"⚠️ ОТСУТСТВУЮТ СЕКЦИИ: {', '.join(miss)} — сообщи COORD, не додумывай их содержание.")	печатаемый текст «кому сообщить»: вне счёта, вариант «в» не выбран (e3-forks.md, слово владельца В1 б 2026-10-05 10:53 UTC)
scripts/role-prompts.py	COORD	code	printed	"неотличимо от исправной работы (замер @COORD, карточка #463)")	текст отказа со ссылкой на замер @COORD — только печать
scripts/save-phoenix.py	COORD	shown	printed	parser.add_argument("--role", required=True, help="Роль (COORD, CORE, ...)")	печатаемый текст, не подсказка-команда: вне счёта по слову владельца В1 б (2026-10-05 10:53 UTC)
scripts/save-phoenix.py	CORE	shown	printed	parser.add_argument("--role", required=True, help="Роль (COORD, CORE, ...)")	печатаемый текст, не подсказка-команда: вне счёта по слову владельца В1 б (2026-10-05 10:53 UTC)
scripts/schema_journal.py	PROTO	code	provenance	"Замер @PROTO 2026-08-09: откат оставлял таблицу и стирал запись о ней. "	«Замер @PROTO 2026-08-09» — история решения
scripts/set-rule.py	COORD	code	printed	("source_ref",    "--source-ref",    "ГДЕ это сказано («#3385» · «чат COORD 2026-08-08 10:29 UTC»)"),	пример в справке флага --source-ref
scripts/set-rule.py	COORD	shown	printed	+ ("совпадают" if agree else "⛔ РАЗОШЛИСЬ — сообщи COORD"))	печатаемый текст «кому сообщить»: вне счёта, вариант «в» не выбран (e3-forks.md, слово владельца В1 б 2026-10-05 10:53 UTC)
scripts/set-rule.py	COORD	shown	printed	ap.add_argument("--source-ref", dest="source_ref", help="где сказано: «#3385» или «чат COORD ... UTC»")	печатаемый текст, не подсказка-команда: вне счёта по слову владельца В1 б (2026-10-05 10:53 UTC)
scripts/set-rule.py	coord	code	schema	ap.add_argument("--locked-by", choices=["owner", "coord"])	словарь схемы, а не имя роли донора: значение поля rules.locked_by ('owner' | 'coord', DEFAULT 'coord' во всех версиях схемы пакета v1–v6); решение PROTO 2026-10-05, этап Э3 — владелец вправе переиграть
scripts/set-rule.py	coord	code	schema	locked_by = args.locked_by or (old[1] if old else "coord")	словарь схемы, а не имя роли донора: значение поля rules.locked_by ('owner' | 'coord', DEFAULT 'coord' во всех версиях схемы пакета v1–v6); решение PROTO 2026-10-05, этап Э3 — владелец вправе переиграть
scripts/track.py	COORD	shown	printed	"роли-хозяина за одну переходную сверку; свод — COORD владельцу")	печатаемый текст «кому сообщить»: вне счёта, вариант «в» не выбран (e3-forks.md, слово владельца В1 б 2026-10-05 10:53 UTC)
scripts/write-message.py	COORD	shown	printed	parser.add_argument("--role", required=True, help="Роль писателя (COORD, CORE, ...)")	печатаемый текст, не подсказка-команда: вне счёта по слову владельца В1 б (2026-10-05 10:53 UTC)
scripts/write-message.py	CORE	shown	printed	parser.add_argument("--role", required=True, help="Роль писателя (COORD, CORE, ...)")	печатаемый текст, не подсказка-команда: вне счёта по слову владельца В1 б (2026-10-05 10:53 UTC)
scripts/write-message.py	ING	shown	printed	parser.add_argument("--file", help="Файл с текстом ноты (дифф ING #2036, применён 16.07 18:38 UTC). "	печатаемый текст, не подсказка-команда: вне счёта по слову владельца В1 б (2026-10-05 10:53 UTC)
scripts/write-message.py	COORD	shown	printed	"броадкасты COORD #2023 и ING #2111. Файл минует shell-обработку целиком.")	печатаемый текст, не подсказка-команда: вне счёта по слову владельца В1 б (2026-10-05 10:53 UTC)
scripts/write-message.py	ING	shown	printed	"броадкасты COORD #2023 и ING #2111. Файл минует shell-обработку целиком.")	печатаемый текст, не подсказка-команда: вне счёта по слову владельца В1 б (2026-10-05 10:53 UTC)
scripts/write-message.py	CORE	shown	printed	help="эта нота ОТМЕНЯЕТ то, что сказано в --reply-to. Класс @CORE #3087:"	печатаемый текст, не подсказка-команда: вне счёта по слову владельца В1 б (2026-10-05 10:53 UTC)
scripts/write-message.py	COORD	shown	printed	f"    Допиши в md руками и сообщи COORD тегом DWERR (роли без доступа к тулам\n"	печатаемый текст «кому сообщить»: вне счёта, вариант «в» не выбран (e3-forks.md, слово владельца В1 б 2026-10-05 10:53 UTC)
vnext/prototype/bite-rules-from-pack.py	COORD	code	fixture	roles=[("COORD", "alive", "координатор контура; в живом реестре")])	роль COORD в выдуманном стенде приёмки
vnext/prototype/bite-rules-from-pack.py	atlas	code	fixture	elsewhere = root / "elsewhere-not-guts-atlas"	имя папки стенда приёмки
vnext/prototype/bite-rules-from-pack.py	COORD	shown	printed	ok &= case("㊾в′ ВОЗВРАТ COORD: в отказе «источник не читается» — готовая команда «"	печатаемый текст, не подсказка-команда: вне счёта по слову владельца В1 б (2026-10-05 10:53 UTC)
vnext/prototype/bite-rules-from-pack.py	COORD	code	fixture	new = "    name = \"COORD\" if found else None  # ПОЛОМКА (Ц): литерал вместо найденного имени\n"	подставные данные приёмки: имена ролей стенда, раскладки Atlas/AIA/«названы двое», ожидаемые значения случаев и тексты нарочных поломок — поведением инструмента не управляют
vnext/prototype/bite-rules-from-pack.py	COORD	code	fixture	CAPITAL_ROLES = [("COORD", "alive", "Координатор контура; проба заглавной")]	подставные данные приёмки: имена ролей стенда, раскладки Atlas/AIA/«названы двое», ожидаемые значения случаев и тексты нарочных поломок — поведением инструмента не управляют
vnext/prototype/bite-rules-from-pack.py	COORD	code	fixture	UPPER_ROLES = [("COORD", "alive", "КООРДИНАТОР КОНТУРА; ПРОБА ПРОПИСНЫХ")]	подставные данные приёмки: имена ролей стенда, раскладки Atlas/AIA/«названы двое», ожидаемые значения случаев и тексты нарочных поломок — поведением инструмента не управляют
vnext/prototype/bite-rules-from-pack.py	COORD	code	fixture	OTHER_NAME_ROLES = [("COORD", "alive", "рядовая зона контура"),	подставные данные приёмки: имена ролей стенда, раскладки Atlas/AIA/«названы двое», ожидаемые значения случаев и тексты нарочных поломок — поведением инструмента не управляют
vnext/prototype/bite-rules-from-pack.py	COORD	code	fixture	("COORD-A", "alive", "координатор контура; проба")]	подставные данные приёмки: имена ролей стенда, раскладки Atlas/AIA/«названы двое», ожидаемые значения случаев и тексты нарочных поломок — поведением инструмента не управляют
vnext/prototype/bite-rules-from-pack.py	COORD	code	fixture	TWO_ROLES = [("COORD", "alive", "координатор контура; проба"),	подставные данные приёмки: имена ролей стенда, раскладки Atlas/AIA/«названы двое», ожидаемые значения случаев и тексты нарочных поломок — поведением инструмента не управляют
vnext/prototype/bite-rules-from-pack.py	TAXO	code	fixture	("TAXO", "alive", "координатор (проба множественности)")]	подставные данные приёмки: имена ролей стенда, раскладки Atlas/AIA/«названы двое», ожидаемые значения случаев и тексты нарочных поломок — поведением инструмента не управляют
vnext/prototype/bite-rules-from-pack.py	coord	code	fixture	(r["rule_key"], r["body"], r.get("locked_by", "coord"), r.get("expiry_kind"),	словарь схемы locked_by ('owner' | 'coord') в строках фикстуры приёмки — данные стенда, а не имя роли донора
vnext/prototype/bite-rules-from-pack.py	coord	code	fixture	(r["rule_set"], r["rule_key"], r["body"], r.get("locked_by", "coord"),	словарь схемы locked_by ('owner' | 'coord') в строках фикстуры приёмки — данные стенда, а не имя роли донора
vnext/prototype/bite-rules-from-pack.py	coord	code	fixture	history_rows.append((RULE_SET, k, text_sha(o_body), o_body, "coord",	словарь схемы locked_by ('owner' | 'coord') в строках фикстуры приёмки — данные стенда, а не имя роли донора
vnext/prototype/bite-rules-from-pack.py	atlas	code	fixture	("Atlas", ("COORD",), "пометка у COORD"),	подставные данные приёмки: имена ролей стенда, раскладки Atlas/AIA/«названы двое», ожидаемые значения случаев и тексты нарочных поломок — поведением инструмента не управляют
vnext/prototype/bite-rules-from-pack.py	COORD	code	fixture	("Atlas", ("COORD",), "пометка у COORD"),	подставные данные приёмки: имена ролей стенда, раскладки Atlas/AIA/«названы двое», ожидаемые значения случаев и тексты нарочных поломок — поведением инструмента не управляют
vnext/prototype/bite-rules-from-pack.py	aia	code	fixture	("AIA", ("COORD-A",), "пометка у COORD-A, у COORD её нет; роль COORD-A заводится на копии"),	подставные данные приёмки: имена ролей стенда, раскладки Atlas/AIA/«названы двое», ожидаемые значения случаев и тексты нарочных поломок — поведением инструмента не управляют
vnext/prototype/bite-rules-from-pack.py	COORD	code	fixture	("AIA", ("COORD-A",), "пометка у COORD-A, у COORD её нет; роль COORD-A заводится на копии"),	подставные данные приёмки: имена ролей стенда, раскладки Atlas/AIA/«названы двое», ожидаемые значения случаев и тексты нарочных поломок — поведением инструмента не управляют
vnext/prototype/bite-rules-from-pack.py	COORD	code	fixture	("названы двое", ("COORD", "TAXO"), "пометка у COORD и у TAXO"),	подставные данные приёмки: имена ролей стенда, раскладки Atlas/AIA/«названы двое», ожидаемые значения случаев и тексты нарочных поломок — поведением инструмента не управляют
vnext/prototype/bite-rules-from-pack.py	TAXO	code	fixture	("названы двое", ("COORD", "TAXO"), "пометка у COORD и у TAXO"),	подставные данные приёмки: имена ролей стенда, раскладки Atlas/AIA/«названы двое», ожидаемые значения случаев и тексты нарочных поломок — поведением инструмента не управляют
vnext/prototype/bite-rules-from-pack.py	COORD	code	fixture	apply_layout(gordi_db, ("COORD",))	подставные данные приёмки: имена ролей стенда, раскладки Atlas/AIA/«названы двое», ожидаемые значения случаев и тексты нарочных поломок — поведением инструмента не управляют
vnext/prototype/bite-rules-from-pack.py	COORD	code	fixture	code_v == 2 and "ПРИЁМКА НЕ СОСТОЯЛАСЬ" in printed_v and "найдено 2: COORD, ZZK"	подставные данные приёмки: имена ролей стенда, раскладки Atlas/AIA/«названы двое», ожидаемые значения случаев и тексты нарочных поломок — поведением инструмента не управляют
vnext/prototype/bite-rules-from-pack.py	COORD	code	fixture	out_file_c, role="COORD")	подставные данные приёмки: имена ролей стенда, раскладки Atlas/AIA/«названы двое», ожидаемые значения случаев и тексты нарочных поломок — поведением инструмента не управляют
vnext/prototype/bite-rules-from-pack.py	COORD	shown	printed	ok &= case("⑰б ПОЛОМКА (Ш) «вернуть --role COORD» красит ⑰б и проверку причины отказа у (С) "	подпись случая приёмки: печатаемый текст, не подсказка-команда — вне счёта по слову владельца В1 б
vnext/prototype/bite-rules-from-pack.py	atlas	shown	printed	+ "; ждали красными: Atlas, AIA, названы двое; целой: никто не назван")	подпись случая приёмки: печатаемый текст, не подсказка-команда — вне счёта по слову владельца В1 б
vnext/prototype/bite-rules-from-pack.py	aia	shown	printed	+ "; ждали красными: Atlas, AIA, названы двое; целой: никто не назван")	подпись случая приёмки: печатаемый текст, не подсказка-команда — вне счёта по слову владельца В1 б
vnext/prototype/bite-rules-from-pack.py	COORD	code	fixture	capital_ok &= (rc_c == 0 and command_role(printed_c) == "COORD"	подставные данные приёмки: имена ролей стенда, раскладки Atlas/AIA/«названы двое», ожидаемые значения случаев и тексты нарочных поломок — поведением инструмента не управляют
vnext/prototype/bite-rules-from-pack.py	COORD	code	fixture	capital_bits.append(f"{label}: команда зовёт «{command_role(printed_c)}» (ждём COORD)")	подставные данные приёмки: имена ролей стенда, раскладки Atlas/AIA/«названы двое», ожидаемые значения случаев и тексты нарочных поломок — поведением инструмента не управляют
vnext/prototype/bite-rules-from-pack.py	COORD	code	fixture	name_ok = (rc_a == 0 and command_role(printed_a) == "COORD-A"	подставные данные приёмки: имена ролей стенда, раскладки Atlas/AIA/«названы двое», ожидаемые значения случаев и тексты нарочных поломок — поведением инструмента не управляют
vnext/prototype/bite-rules-from-pack.py	COORD	code	fixture	both_named = "найдено 2: COORD, TAXO" in printed_t	подставные данные приёмки: имена ролей стенда, раскладки Atlas/AIA/«названы двое», ожидаемые значения случаев и тексты нарочных поломок — поведением инструмента не управляют
vnext/prototype/bite-rules-from-pack.py	TAXO	code	fixture	both_named = "найдено 2: COORD, TAXO" in printed_t	подставные данные приёмки: имена ролей стенда, раскладки Atlas/AIA/«названы двое», ожидаемые значения случаев и тексты нарочных поломок — поведением инструмента не управляют
vnext/prototype/bite-rules-from-pack.py	COORD	code	fixture	f"команда зовёт «{command_role(printed_a)}» (ждём COORD-A, рядом роль COORD "	подставные данные приёмки: имена ролей стенда, раскладки Atlas/AIA/«названы двое», ожидаемые значения случаев и тексты нарочных поломок — поведением инструмента не управляют
vnext/prototype/bite-rules-from-pack.py	COORD	shown	printed	ok &= case("№52-бис координатор с именем НЕ COORD (COORD-A) находится: в команде его имя, "	подпись случая приёмки: печатаемый текст, не подсказка-команда — вне счёта по слову владельца В1 б
vnext/prototype/bite-rules-from-pack.py	COORD	shown	printed	"а не буквальное «COORD»",	подпись случая приёмки: печатаемый текст, не подсказка-команда — вне счёта по слову владельца В1 б
vnext/prototype/bite-rules-from-pack.py	COORD	shown	printed	"предупреждении названы ОБЕ (найдено 2: COORD, TAXO)",	подпись случая приёмки: печатаемый текст, не подсказка-команда — вне счёта по слову владельца В1 б
vnext/prototype/bite-rules-from-pack.py	TAXO	shown	printed	"предупреждении названы ОБЕ (найдено 2: COORD, TAXO)",	подпись случая приёмки: печатаемый текст, не подсказка-команда — вне счёта по слову владельца В1 б
vnext/prototype/bite-rules-from-pack.py	COORD	code	fixture	("Ц", "общая функция отвечает литералом COORD", None, patch_common_literal,	подставные данные приёмки: имена ролей стенда, раскладки Atlas/AIA/«названы двое», ожидаемые значения случаев и тексты нарочных поломок — поведением инструмента не управляют
vnext/prototype/guard-printed-forms.py	STUD	shown	printed	print(f"   по рангу (ранжир @STUD): R1 рабочий вывод {by_rank['R1']} · "	печатаемый текст, не подсказка-команда: вне счёта по слову владельца В1 б (2026-10-05 10:53 UTC)
vnext/prototype/guard-printed-forms.py	atlas.core	code	fixture	'\\\\atlas.core log --oneline -6")\n'),	текст пробного файла самопроверки
vnext/prototype/guard-printed-forms.py	atlas.core	code	fixture	"clean_other_tool.py": ('def f():\n    print("смотри: git -C {CONT}/atlas.core '	текст пробного файла самопроверки
vnext/prototype/guard-printed-forms.py	COORD	code	fixture	"--db <db> --role COORD`\n", encoding="utf-8")	текст пробного файла самопроверки
vnext/prototype/measure-rhythm.py	STUD	shown	printed	print("       роль осталась без самопробуждения молча (случай @STUD, записка #4778 §①)")	печатаемый текст, не подсказка-команда: вне счёта по слову владельца В1 б (2026-10-05 10:53 UTC)
